Media,Url,Date,Title
www.foxnews.com,https://duckduckgo.com/y.js?ad_domain=aichatapp.ai&ad_provider=bingv7aa&ad_type=txad&click_metadata=NrOm_8sBdy04dtwABpHiBXRy6S7eajAu1NaNDaheOZzBJD5km8jgPGgvbyWzj0pz4dy8UxhpS1V1pwWKOsCbCeRpfY46DPjD_QUfELXGvjfpDCXWBDdWHOq7kg0MAl8Y.VTatO2JjAtTZYqKhcEQtxw&eddgt=dWvEmVfYQcVzkW2XqL0NvQ%3D%3D&rut=0c35b041221be7d94f59a9bfb34bc3ee47517747842c0d2523af6a9c01b2c134&u3=https%3A%2F%2Fwww.bing.com%2Faclick%3Fld%3De8iw6t6r5nPgpTS5H%2DeyH0DTVUCUxOHPHLIPa27MencgoL4pQ35WWSJcYfmPik%2DtGx_hi3BMn4GoxQ7g2zU_y8w_sE4yVT0dAelPNMdLqrPF08ETzfVwF1eNkpzFnvnOnXAddpirGUMjdX26Y7xIlnqHpl6p%2DK7S2LwSh4Pe4iGdSuilAGuAhwArUIvfZOnS5PnoUNSnaGFAxKd5_cVERLc9hCrRk%26u%3DaHR0cHMlM2ElMmYlMmZjaGF0LmFpY2hhdGFwcC5haSUyZnBsJTJmb25ib2FyZGluZyUzZmxhbmRpbmclM2R2MiUyNnV0bV9zb3VyY2UlM2RiaW5nJTI2dXRtX21lZGl1bSUzZGNwYyUyNnV0bV9jYW1wYWlnbiUzZDQ4NzA3NDYyOSUyNnV0bV90ZXJtJTNkb3BlbmFpJTI2dXRtX2FkZ3JvdXAlM2QxMjMyNTUzNzk0MzA4MjMxJTI2dXRtX25ldHdvcmslM2RvJTI2dXRtX2RldmljZSUzZGMlMjZ1dG1fbWF0Y2h0eXBlJTNkZSUyNnV0bV9sb2NfcGh5c2ljYWxfbXMlM2QxMzc0MDIlMjZtc2Nsa2lkJTNkNTk4ZmQ4MDk4NjAxMWIwNWRjZGJiMTE3ZTg1NDU4ZDM%26rlid%3D598fd80986011b05dcdbb117e85458d3&vqd=4-249193502006624594439737393397048494497&iurl=%7B1%7DIG%3D5470C8A3BEA64F7DAF03867EFEF7D45D%26CID%3D3165AD92F575664700CDBB38F4986733%26ID%3DDevEx%2C5030.1,"Sep 20, 2023",Zyskaj nieograniczony dostęp doOpenAI
www.foxnews.com,https://www.foxnews.com/us/john-grisham-george-r-r-martin-prominent-authors-sue-openai-copyright-infringement,"Sep 14, 2023","John Grisham, George R.R. Martin, other prominent authors sue OpenAI for copyright infringement"
www.foxnews.com,https://www.foxnews.com/us/journal-forced-unpublish-paper-authors-caught-using-chatgpt-write,"Sep 29, 2023",Journal forced to unpublish paper after authors are caught using ChatGPT to write it
www.foxnews.com,https://www.foxnews.com/world/netanyahu-warns-potential-eruption-ai-driven-wars-lead-unimaginable-consquences,,Netanyahu warns of potential 'eruption of AI-driven wars' that could lead to 'unimaginable' consequences
www.wsj.com,https://duckduckgo.com/y.js?ad_domain=aichatapp.ai&ad_provider=bingv7aa&ad_type=txad&click_metadata=SR5fanfJx%2DWSoHAmwYuhqwxpaQIPEbB6GVrbBhT_6nmUg3xo%2DLFwHIfy5fgz4nRd2eM5hisDVp3VxgOmIao99A69LtG3vQIJVuNWXHzdMoKmYK8VpJuFt3m4hLAxqO6w.zGBX7oHo0AKkk6gmWrkePg&eddgt=OCIRBK0uc68hRDsa7ZVLHg%3D%3D&rut=a987d626496cff27ec85ab1dc382f1be7dad1f3380439ceac0d0aae26c99ba85&u3=https%3A%2F%2Fwww.bing.com%2Faclick%3Fld%3De8r02zsWgUpj1P7_nTExywNjVUCUzFzT0XEU_30Svkwppt2WHb7XOdrFkECu5XmQpRZWlwQSxdIccG2dmB2nv0skpLJdy%2D5mjtGl7qUVJqBhNuOFCilGQjUHfd2U6eCfkuLNjgmDl5SHVYmYMoRoF3h_rd%2D_fxIk1cIwlraqsAzQS53SZQPg3P0G90iep3AJzk3CylsAQqMnQqvxJGHvEeunqLVFk%26u%3DaHR0cHMlM2ElMmYlMmZjaGF0LmFpY2hhdGFwcC5haSUyZnBsJTJmb25ib2FyZGluZyUzZmxhbmRpbmclM2R2MiUyNnV0bV9zb3VyY2UlM2RiaW5nJTI2dXRtX21lZGl1bSUzZGNwYyUyNnV0bV9jYW1wYWlnbiUzZDQ4NzA3NDYyOSUyNnV0bV90ZXJtJTNkb3BlbmFpJTI2dXRtX2FkZ3JvdXAlM2QxMjMyNTUzNzk0MzA4MjMxJTI2dXRtX25ldHdvcmslM2RvJTI2dXRtX2RldmljZSUzZGMlMjZ1dG1fbWF0Y2h0eXBlJTNkZSUyNnV0bV9sb2NfcGh5c2ljYWxfbXMlM2QxMzY3OTklMjZtc2Nsa2lkJTNkYTRlMTE4ZGYyOGEwMWUzNzA3NTc3MWMxNDZmODg0ZWU%26rlid%3Da4e118df28a01e37075771c146f884ee&vqd=4-311278603893010156236263481675126935616&iurl=%7B1%7DIG%3D222C9CA56DCB4D7C8F0B186ADC0B6960%26CID%3D112CDB3CB43264461C3ACD96B5656566%26ID%3DDevEx%2C5042.1,,Zyskaj nieograniczony dostęp doOpenAI
www.wsj.com,https://www.wsj.com/tech/personal-tech/chatgpt-can-now-chat-aloud-with-you-and-yes-it-sounds-pretty-much-human-3be39840,,No H1 Found
www.wsj.com,https://www.wsj.com/tech/ai/meta-is-developing-a-new-more-powerful-ai-system-as-technology-race-escalates-decf9451,,No H1 Found
www.wsj.com,https://www.wsj.com/business/deals/amazon-to-invest-up-to-4-billion-in-anthropic-as-ai-arms-race-escalates-649dee22,,No H1 Found
www.wsj.com,https://www.wsj.com/tech/ai/chatgpt-artificial-intelligence-recipes-meal-planning-edcd4a71,,No H1 Found
www.wsj.com,https://www.wsj.com/podcasts/tech-news-briefing/ai-joins-the-classroom-when-students-return/be44673a-193c-440d-8bcc-d02f1d2a1c67,,No H1 Found
www.wsj.com,https://www.wsj.com/articles/generative-ai-could-revolutionize-emailfor-hackers-5a8c725c,,No H1 Found
www.wsj.com,https://www.wsj.com/tech/this-company-is-nvidias-ai-chip-partnerand-its-stock-is-soaring-a31e2a9d,,No H1 Found
www.wsj.com,https://www.wsj.com/business/venture-capitalist-reid-hoffman-to-scale-back-investment-role-at-greylock-9590a19a,,No H1 Found
www.wsj.com,https://www.wsj.com/news/author/karen-hao,,No H1 Found
www.wsj.com,https://www.wsj.com/business/deals/m-a-can-pay-off-but-its-far-from-a-sure-thing-2c0dd38b,,No H1 Found
www.wsj.com,https://duckduckgo.com/y.js?ad_domain=udemy.com&ad_provider=bingv7aa&ad_type=txad&click_metadata=qYgrM2D%2Do%2DFGnbtNpS52UvPsCd1F%2D%2D_KhKIuHlDg80LHIIinKGdvqjjB9CPgQcFZPtacnn1oXq843blDCSd_bq25vRn4cyVulwVvS8Ekeqts7CblOK7paUwQVo48Uarw.TiU9w1Et7WnNt4vQmJtSKA&eddgt=OCIRBK0uc68hRDsa7ZVLHg%3D%3D&rut=8d2f625d2a123e87695084bd52e46ea8b6ff4499b2d78c2a574c2b674274480b&u3=https%3A%2F%2Fwww.bing.com%2Faclick%3Fld%3De8ZV5lDitpg3PXY1X%2DOU3w8DVUCUycnb0m3LhcPyP7ue4kiYO%2DzOC%2DocIdV3IRosNcOOCbh_iaaBW_q2hvLQ_%2DWhTMusTOfijVLAl_TbFBLIykH1KXbIB58mSa7NgXBAPzdlZ0tAGEE2Sb%2DeFAh3NfEBkjt7dpinte0MSolZiL3DnyCZ3bGl%2DZdQNiLhPZeWLgNiyU9Aa5PEs41HhM6hpdvrKzuQ8%26u%3DaHR0cHMlM2ElMmYlMmZ3d3cudWRlbXkuY29tJTJmY291cnNlJTJmY2hhdGdwdC1kYWxsLWUtb3BlbmFpLWFwaS1zdGVwLWJ5LXN0ZXAtbWFzdGVyY2xhc3MlMmYlM2Z1dG1fc291cmNlJTNkYmluZyUyNnV0bV9tZWRpdW0lM2R1ZGVteWFkcyUyNnV0bV9jYW1wYWlnbiUzZEJHLVNlYXJjaF9EU0FfQmV0YV9Qcm9mX2xhLkVOX2NjLlJPVy1FbmdsaXNoJTI2Y2FtcGFpZ250eXBlJTNkU2VhcmNoJTI2cG9ydGZvbGlvJTNkQmluZy1ST1ctRW5nbGlzaCUyNmxhbmd1YWdlJTNkRU4lMjZwcm9kdWN0JTNkQ291cnNlJTI2dGVzdCUzZCUyNmF1ZGllbmNlJTNkRFNBJTI2dG9waWMlM2QlMjZwcmlvcml0eSUzZEJldGElMjZ1dG1fY29udGVudCUzZGRlYWw0NTg0JTI2dXRtX3Rlcm0lM2RfLl9hZ18xMzEyODE5MjcyODY0NzUyXy5fYWRfXy5fa3dfRGVzaWduJTI1MjBlbl8uX2RlX2NfLl9kbV9fLl9wbF9fLl90aV9kYXQtMjMzMzg1MDg2OTYwNjk1MiUzYWxvYy0xNTFfLl9saV8xMzY3OTlfLl9wZF9fLl8lMjZtYXRjaHR5cGUlM2RiJTI2bXNjbGtpZCUzZDYwZDNjMjgzNDA3ZTFiMDJlOGFhYWI5ZDJlMjY0N2Zm%26rlid%3D60d3c283407e1b02e8aaab9d2e2647ff&vqd=4-329373996356584906903121721201071477415&iurl=%7B1%7DIG%3D222C9CA56DCB4D7C8F0B186ADC0B6960%26CID%3D112CDB3CB43264461C3ACD96B5656566%26ID%3DDevEx%2C5059.1,,"ChatGPT, Dall-e, OpenAI API : Step by Step Masterclass"
www.wsj.com,https://duckduckgo.com/y.js?ad_domain=aichatapp.ai&ad_provider=bingv7aa&ad_type=txad&click_metadata=rfS2Buwknba7o3_PJmi7Q6z9rpqiMrIdxvJJwFemktds1Ke9QlfGX21zNEii82l8NdOzdK8ck1VitLBgRpwzeCrjq%2DriIy8Hcy%2DkD2%2Dfd1OgOM0GZTU5f38HMn0qKkCb.uvhBRZR70a3llTITfd_EbQ&eddgt=9_aiL2AKxzUACQeAkNt_eA%3D%3D&rut=6ca401bec02f3a1f68484861984312835a6558e5614a102f8f68a0da1e29dfaf&u3=https%3A%2F%2Fwww.bing.com%2Faclick%3Fld%3De8yK5sS7p1ZEKYzDsxbcnwGzVUCUxfVx5zS7nJ6PfiMM_830cm5379N4RxGLg8caxZjsDy7%2Dfgsz5GKxLOmW5rshsLDyPndYjzOcLiUr5tOJYve8GKEM3yhTCKUtIoZmzJ4N5lx8xX8IgfGJsR_LeJ7WXhdKuVjaiyHHiP3wzL1A1s3H4b41E5XBiO1JibiP%2D51rF2vjUU3uQiI331I6%2Dxa5VN_hg%26u%3DaHR0cHMlM2ElMmYlMmZjaGF0LmFpY2hhdGFwcC5haSUyZnBsJTJmb25ib2FyZGluZyUzZmxhbmRpbmclM2R2MiUyNnV0bV9zb3VyY2UlM2RiaW5nJTI2dXRtX21lZGl1bSUzZGNwYyUyNnV0bV9jYW1wYWlnbiUzZDQ4NzA3NDYyOSUyNnV0bV90ZXJtJTNkb3BlbmFpJTI2dXRtX2FkZ3JvdXAlM2QxMjMyNTUzNzk0MzA4MjMxJTI2dXRtX25ldHdvcmslM2RvJTI2dXRtX2RldmljZSUzZGMlMjZ1dG1fbWF0Y2h0eXBlJTNkZSUyNnV0bV9sb2NfcGh5c2ljYWxfbXMlM2QxMzc0MDIlMjZtc2Nsa2lkJTNkZGIyZTI0ZjdkNTlhMThkNjQ1Mjk0ZGU5YmJjMWUwYjg%26rlid%3Ddb2e24f7d59a18d645294de9bbc1e0b8&vqd=4-274862628353812615876585995052251898763&iurl=%7B1%7DIG%3D73D60820F8C043F1A3D01229E7D6018C%26CID%3D38718467220D6B670F4A92CD23A56A16%26ID%3DDevEx%2C5032.1,,Zyskaj nieograniczony dostęp doOpenAI
www.wsj.com,https://www.wsj.com/us-news/climate-environment/a-ceo-who-doesnt-equivocate-about-climate-global-warming-net-zero-emissions-ceo-corporate-e21a5d40,,No H1 Found
www.wsj.com,https://www.wsj.com/finance/investing/the-11-yield-that-isnt-in-your-mutual-fund-f8089905,,No H1 Found
www.wsj.com,https://www.wsj.com/business/earnings/salesforce-crm-q2-earnings-report-2023-a50e9498,,Error
www.wsj.com,https://www.wsj.com/business/media/shari-redstones-national-amusements-strikes-deal-with-lenders-195dc8a7,,Error
www.wsj.com,https://www.wsj.com/tech/tiktok-employees-say-executive-moves-to-u-s-show-china-parents-influence-ef5ff21f,,Error
www.wsj.com,https://duckduckgo.com/y.js?ad_domain=udemy.com&ad_provider=bingv7aa&ad_type=txad&click_metadata=O9BhMVZyS_sBx_0zUPdHPAcYaDQTqPnWyUEgFO4bGS4ZC4azG0zMPQeJr7QyZGgpaDcM6ev_RXT8z6LhVKn7NkReimxbhbq7wRuOnYOyrPXkUlpQ2NpW7ky3xOREAhCh.KbE1cq%2D5FtTSk4VLy2jr5A&eddgt=9_aiL2AKxzUACQeAkNt_eA%3D%3D&rut=03c40b068c3bf3bc5f4a43732b2ebc34109ac5d5735da798827d5f35e66dc704&u3=https%3A%2F%2Fwww.bing.com%2Faclick%3Fld%3De8AySjcrafhvaUjHsVAMhgwDVUCUxfdMiLxUMnQHYP%2D4cPd0OYTfDBH7noSgmpfZCR6lPkplDSWu3Dt4tpYKULykRsiIhO3qlYBoLNLJZJSIUK2nZ4Voii0dDBE4oNsfIJCwcrwQutAyt25RFBrwVWSPb7GUWmI7MxVxaGNy4cQ%2DApY9Az8dyaiWVkYIWLm5gUUb8nZNke286eg1uqFSkdJv6Mrco%26u%3DaHR0cHMlM2ElMmYlMmZ3d3cudWRlbXkuY29tJTJmY291cnNlJTJmbWFzdGVyaW5nLWF6dXJlLW9wZW5haS1mcm9tLXplcm8tdG8taGVybyUyZiUzZnV0bV9zb3VyY2UlM2RiaW5nJTI2dXRtX21lZGl1bSUzZHVkZW15YWRzJTI2dXRtX2NhbXBhaWduJTNkQkctU2VhcmNoX0RTQV9CZXRhX1Byb2ZfbGEuRU5fY2MuUk9XLUVuZ2xpc2glMjZjYW1wYWlnbnR5cGUlM2RTZWFyY2glMjZwb3J0Zm9saW8lM2RCaW5nLVJPVy1FbmdsaXNoJTI2bGFuZ3VhZ2UlM2RFTiUyNnByb2R1Y3QlM2RDb3Vyc2UlMjZ0ZXN0JTNkJTI2YXVkaWVuY2UlM2REU0ElMjZ0b3BpYyUzZCUyNnByaW9yaXR5JTNkQmV0YSUyNnV0bV9jb250ZW50JTNkZGVhbDQ1ODQlMjZ1dG1fdGVybSUzZF8uX2FnXzEzMjYwMTM0MTE2NzYzNjRfLl9hZF9fLl9rd19JVCUyNTIwZW5fLl9kZV9jXy5fZG1fXy5fcGxfXy5fdGlfZGF0LTIzMzQ2NzU1MDMyNzY1NjQlM2Fsb2MtMTUxXy5fbGlfMTM3NDAyXy5fcGRfXy5fJTI2bWF0Y2h0eXBlJTNkYiUyNm1zY2xraWQlM2RlMDgyNjQxMGMzY2IxZGM1NDU1YTBkMGVhZDkwYzQyOQ%26rlid%3De0826410c3cb1dc5455a0d0ead90c429&vqd=4-323452653251647023322465890165761233431&iurl=%7B1%7DIG%3D73D60820F8C043F1A3D01229E7D6018C%26CID%3D38718467220D6B670F4A92CD23A56A16%26ID%3DDevEx%2C5049.1,,Error
www.breitbart.com,https://duckduckgo.com/y.js?ad_domain=aichatapp.ai&ad_provider=bingv7aa&ad_type=txad&click_metadata=sKRQoY44nDUZskBRgAJUM3tSGIXh%2DiXvep2wXurs1NIFc3kAL1OjM6sMOFZ_Slnx%2DSbZJEUumtpPNenrhb9d%2DnuGYOkoxgBs0rCwi9KJnhY_gcBDZIr1bsecbslip2UH.Z8fcUOqIJdf7fcnakh6XwQ&eddgt=UvU1lQfIgpnhtNeVAGM7kQ%3D%3D&rut=9dbd0a35348bd457a31328bce6edbbcc461b1ff6ef9a69bc677c5013e6243299&u3=https%3A%2F%2Fwww.bing.com%2Faclick%3Fld%3De8ykSQqKgoBTB9_bghWCdxxTVUCUxbiXMRQnvqaCFYv044jw7tQFZnOroUxA_dG12AuOyZj3k_evJOzDdXMR2yYYU8mRq4fSMK2%2D77EcZHQJLV4XaDVHBE0vImSCifNnDFEocD1_062slD64a%2Dlqp2ajGJtVrhecS4dU0Q8_ErXuKmYrwg3a3BhpGU68kTb1xRaea_l0QD36NzIQH_1XeiFoSsOZE%26u%3DaHR0cHMlM2ElMmYlMmZjaGF0LmFpY2hhdGFwcC5haSUyZnBsJTJmb25ib2FyZGluZyUzZmxhbmRpbmclM2R2MiUyNnV0bV9zb3VyY2UlM2RiaW5nJTI2dXRtX21lZGl1bSUzZGNwYyUyNnV0bV9jYW1wYWlnbiUzZDQ4NzA3NDYyOSUyNnV0bV90ZXJtJTNkb3BlbmFpJTI2dXRtX2FkZ3JvdXAlM2QxMjMyNTUzNzk0MzA4MjMxJTI2dXRtX25ldHdvcmslM2RvJTI2dXRtX2RldmljZSUzZGMlMjZ1dG1fbWF0Y2h0eXBlJTNkZSUyNnV0bV9sb2NfcGh5c2ljYWxfbXMlM2QxMzY3OTklMjZtc2Nsa2lkJTNkNWJkMTViYzY0OTYwMTY2OGMwODAzMmQ4MjcwYTRhNzM%26rlid%3D5bd15bc649601668c08032d8270a4a73&vqd=4-222864186112554814326253909298273794339&iurl=%7B1%7DIG%3D05187161BD3F47C9856059C7C9E4EFC0%26CID%3D3EB16E4F82546745281278E583B966D3%26ID%3DDevEx%2C5045.1,"Sep 4, 2023",Error
www.breitbart.com,https://duckduckgo.com/y.js?ad_domain=udemy.com&ad_provider=bingv7aa&ad_type=txad&click_metadata=nwWjSIEYFZqSbeTGJbYe54FHFTZY06cZSHHHV3fCSjSfmK3WcoxLembvyYSq3xFrYeDpC0OgtMb0wnpZsM4nLuVmlHP28WDo0KzWy4lUZ5oLeeN6n98kjBykDf1ptqQw.%2DTaCkwCQFnOv8W32D5T5ZQ&eddgt=UvU1lQfIgpnhtNeVAGM7kQ%3D%3D&rut=c9bbd0bbb6045300f89e9b498eaaa35f9e7061a6d7137c59ed6d923bbbb963da&u3=https%3A%2F%2Fwww.bing.com%2Faclick%3Fld%3De8G8bkBbvMhySeSXt8fpldMjVUCUxZKgqFWiF06LfYgb2uGqHdgJZ2uYTNoRjMX8CXhT5QuHcpNXeElAPcpxDXv9s2XhoKkhGNy88CtZMcomqluNrdmX_5z96WcOY_5l4_mN4hdPWB9bcfPyM6DZrR0K7N1PbYnCz9KlhaTOsIk706DFp5MQxuKBpYYv_UMuqn%2D6zTgmHNyFjmFigM4gBj2MIONsw%26u%3DaHR0cHMlM2ElMmYlMmZ3d3cudWRlbXkuY29tJTJmY291cnNlJTJmb3BlbmFpLWFwaS1jaGF0Z3B0LWZvci1hdXRvbWF0aW5nLWJ1c2luZXNzLXByb2R1Y3Rpdml0eSUyZiUzZnV0bV9zb3VyY2UlM2RiaW5nJTI2dXRtX21lZGl1bSUzZHVkZW15YWRzJTI2dXRtX2NhbXBhaWduJTNkQkctU2VhcmNoX0RTQV9CZXRhX1Byb2ZfbGEuRU5fY2MuUk9XLUVuZ2xpc2glMjZjYW1wYWlnbnR5cGUlM2RTZWFyY2glMjZwb3J0Zm9saW8lM2RCaW5nLVJPVy1FbmdsaXNoJTI2bGFuZ3VhZ2UlM2RFTiUyNnByb2R1Y3QlM2RDb3Vyc2UlMjZ0ZXN0JTNkJTI2YXVkaWVuY2UlM2REU0ElMjZ0b3BpYyUzZCUyNnByaW9yaXR5JTNkQmV0YSUyNnV0bV9jb250ZW50JTNkZGVhbDQ1ODQlMjZ1dG1fdGVybSUzZF8uX2FnXzEzMjQ5MTM4OTk5MTgwMTFfLl9hZF9fLl9rd19EZXYlMjUyMGVuXy5fZGVfY18uX2RtX18uX3BsX18uX3RpX2RhdC0yMzM0NjA2NzgzODI3MDA2JTNhbG9jLTE1MV8uX2xpXzEzNjc5OV8uX3BkX18uXyUyNm1hdGNodHlwZSUzZGIlMjZtc2Nsa2lkJTNkMzI0NjJjYjI4MTAxMWRkYjgxZDQ0NWFjZWY2YjQzMDk%26rlid%3D32462cb281011ddb81d445acef6b4309&vqd=4-50775318158375514592642777344448012272&iurl=%7B1%7DIG%3D05187161BD3F47C9856059C7C9E4EFC0%26CID%3D3EB16E4F82546745281278E583B966D3%26ID%3DDevEx%2C5062.1,"Sep 20, 2023",Error
www.breitbart.com,https://www.breitbart.com/tech/2023/09/04/privacy-nightmare-new-york-city-subways-payment-system-could-expose-travelers-movements-to-crooks/,"Sep 15, 2023",Error
www.breitbart.com,https://www.breitbart.com/entertainment/2023/09/20/disneys-the-marvels-director-nia-dacosta-surprised-shes-getting-respect-from-the-middle-aged-white-dudes-shes-working-with/,"Sep 26, 2023",Error
www.breitbart.com,https://www.breitbart.com/border/2023/09/15/mexican-judge-convicts-12-state-cops-mass-murder-and-incineration-of-19-victims/,"Sep 29, 2023",Error
www.breitbart.com,https://www.breitbart.com/tech/2023/09/26/bezos-faces-the-music-ftc-and-17-states-sue-amazon-alleging-monopolistic-practices/,"Sep 28, 2023",Error
www.breitbart.com,https://www.breitbart.com/politics/2023/09/29/watch-dianne-feinstein-assailed-illegal-aliens-anchor-babies-as-very-real-problem-straining-medicaid-schools-housing/,"Aug 27, 2023",Error
www.breitbart.com,https://www.breitbart.com/tech/2023/09/28/google-antitrust-trial-microsoft-bing-was-a-bargaining-chip-for-apple-executives/,"Aug 28, 2023",Error
www.breitbart.com,https://www.breitbart.com/europe/2023/08/27/staggering-security-breach-londons-metropolitan-police-officer-database-hacked/,"Sep 14, 2023",Error
www.breitbart.com,https://www.breitbart.com/sports/2023/08/28/simone-biles-wins-a-record-8th-us-gymnastics-title-a-full-decade-after-her-first/,"Sep 22, 2023",Error
www.breitbart.com,https://www.breitbart.com/politics/2023/09/14/donald-trump-jr-wonders-how-long-until-doj-drops-another-trump-indictment-change-narrative/,"Aug 17, 2023",Error
www.breitbart.com,https://www.breitbart.com/politics/2023/09/22/democrat-senator-bob-menendez-denies-bribery-allegations-indictment/,"Aug 24, 2023",Error
www.breitbart.com,https://duckduckgo.com/y.js?ad_domain=pluralsight.com&ad_provider=bingv7aa&ad_type=txad&click_metadata=HxdvwTGHnyyAfyObDfgHANomrDRZbxU9TLFzKA1P1BwSoSrtKS%2DZ7wDssM2jXwHwBXn84jXRtUV1xS0wVFccwsPB0E%2DoY%2D3sXefl6dMmA9JdMxkO2MXYcVwuZozTDS43.Pa7kcIMIN6lDNwHdjiyO7g&eddgt=UvU1lQfIgpnhtNeVAGM7kQ%3D%3D&rut=b8cb357dd7f5d57d3b13e25d67d29f4645dcd4aa5d430767af12f67c902e90ae&u3=https%3A%2F%2Fwww.bing.com%2Faclick%3Fld%3De8hgkB4Qt84zMMKYanzq7aUDVUCUyqEKevr7VYUu8U68VAT7dOVJDK3xroVM43BfBLXO6Uw6Nwhb9bADCBbYjz7Dv2KvRQ9Taq9JRnn2qm5HCeX7yyPmCdUcd2xBf1Yve%2DWFVXRoHrGMTMZr7U8F3SGPbLtATmunOw1gCt3zeABuDJmbY5b5SmpsDiDz4e6sETgu0kMEPKxa2SlTR1jzhz3TBTKDU%26u%3DaHR0cHMlM2ElMmYlMmZ3d3cucGx1cmFsc2lnaHQuY29tJTJmcGF0aHMlMmZvcGVuYWktZm9yLWRldmVsb3BlcnMlM2Z1dG1fc291cmNlJTNkYmluZyUyNnV0bV9tZWRpdW0lM2RwYWlkLXNlYXJjaCUyNnV0bV9jYW1wYWlnbiUzZGIyYy1lbWVhLWFsbC1jb24tcHVyLWJuZy1wYWlkX3NlYXJjaC1ldmctZHNhJTI2dXRtX2FkZ3JvdXAlM2RuYl9wYXRocyUyNnV0bV90ZXJtJTNkJTI1MkZwYXRocyUyNTJGJTI2dXRtX2NvbnRlbnQlM2RmcmVlLXRyaWFsJTI2bXNjbGtpZCUzZGQ0NTcxYmRjNDJhNDEwNjM1MjE3NzJjMjJjY2U5MjQx%26rlid%3Dd4571bdc42a41063521772c22cce9241&vqd=4-100727045905171428792654368043664359768&iurl=%7B1%7DIG%3D05187161BD3F47C9856059C7C9E4EFC0%26CID%3D3EB16E4F82546745281278E583B966D3%26ID%3DDevEx%2C5066.1,"Sep 26, 2023",Error
www.breitbart.com,https://duckduckgo.com/y.js?ad_domain=aichatapp.ai&ad_provider=bingv7aa&ad_type=txad&click_metadata=ZBV2H19AtTnYlOdeVZARaiCBoyIJ_bi13cAcH5KC8M8Lrag8uxpZEMR3XlWNHrdDG_q2OO00TjRWFErtzBcPdei7jKy5pvBVRbPgsiJ15A5OunqfomUiRl%2DWRhhhlsZP.7pwjzRLh8jKDsatx_FFsUw&eddgt=FbeyXv76HTb40jEYn4Z3EQ%3D%3D&rut=f75be571152797d3f2dfd7c0bc2c4a9e4c5dda8befa0e53e36763f2a7097feb4&u3=https%3A%2F%2Fwww.bing.com%2Faclick%3Fld%3De8ARSqi9cpTpDupZpwwh1cRTVUCUyz%2DdmRqqzfAr_wuTl85%2DH3FJCgtovHpjF4Y2xJerW%2DKSYd5j_pHIqX4gW9jjFZjktppapK66%2DnGdyIA6I2qv2cWufe46rk7xxDD1PvsUnB3LjSxsO44ExaT2AvIKaj80RTawabg7lbQGsdI1K4uSHi%2DPllALLrMzy28_4BVZs1%2D0749Vs8BDun%2DIeolMzvA6o%26u%3DaHR0cHMlM2ElMmYlMmZjaGF0LmFpY2hhdGFwcC5haSUyZnBsJTJmb25ib2FyZGluZyUzZmxhbmRpbmclM2R2MiUyNnV0bV9zb3VyY2UlM2RiaW5nJTI2dXRtX21lZGl1bSUzZGNwYyUyNnV0bV9jYW1wYWlnbiUzZDQ4NzA3NDYyOSUyNnV0bV90ZXJtJTNkb3BlbmFpJTI2dXRtX2FkZ3JvdXAlM2QxMjMyNTUzNzk0MzA4MjMxJTI2dXRtX25ldHdvcmslM2RvJTI2dXRtX2RldmljZSUzZGMlMjZ1dG1fbWF0Y2h0eXBlJTNkZSUyNnV0bV9sb2NfcGh5c2ljYWxfbXMlM2QxMzc0MDIlMjZtc2Nsa2lkJTNkNTc5OTJkZjBiMTgzMTM1OGMzYWI0NGVlZGZlZmZiZTM%26rlid%3D57992df0b1831358c3ab44eedfeffbe3&vqd=4-329767706688768999315011853305903787994&iurl=%7B1%7DIG%3D7FCFE916BF6D4525847476C3E52904B5%26CID%3D2997AE41A1C6696B2011B8EBA06E6888%26ID%3DDevEx%2C5042.1,"Sep 20, 2023",Error
www.breitbart.com,https://www.breitbart.com/latin-america/2023/08/17/ecuador-ex-president-who-threatened-anti-socialist-candidate-claims-killing-right-wing-plot/,"Aug 25, 2023",Error
www.breitbart.com,https://www.breitbart.com/crime/2023/08/24/police-north-carolina-woman-faked-being-murdered-tire-iron/,"Aug 14, 2023",Error
www.breitbart.com,https://www.breitbart.com/politics/2023/09/26/pennsylvania-democrat-announces-primary-bid-challenging-sen-bob-casey/,"Sep 7, 2023",Error
www.breitbart.com,https://www.breitbart.com/border/2023/09/20/video-migrants-force-their-way-into-mexican-government-building-demanding-travel-documents/,"Aug 17, 2023",Error
www.breitbart.com,https://www.breitbart.com/europe/2023/08/25/russia-talks-annexing-georgia-republics-to-teach-west-a-lesson/,"Sep 10, 2023",Error
www.breitbart.com,https://www.breitbart.com/sports/2023/08/14/peyton-manning-to-teach-communications-course-at-tennessee/,"Sep 26, 2023",Error
www.breitbart.com,https://www.breitbart.com/politics/2023/09/07/nikki-haley-catches-ron-desantis-ties-second-place-new-hampshire/,"Sep 26, 2023",Error
www.breitbart.com,https://www.breitbart.com/europe/2023/08/17/weve-shot-down-three-russian-attack-helicopters-this-week-says-ukraine/,"Sep 15, 2023",Error
www.breitbart.com,https://www.breitbart.com/middle-east/2023/09/10/israeli-opposition-rallies-against-judicial-reform-on-eve-of-supreme-court-hearing/,"Sep 1, 2023",Error
www.breitbart.com,https://www.breitbart.com/2nd-amendment/2023/09/26/armed-farmer-thwarts-robbery-while-taking-sons-concert-fancy-burgers/,"Sep 18, 2023",Error
www.breitbart.com,https://www.breitbart.com/entertainment/2023/09/26/film-legend-sophia-loren-has-successful-surgery-after-fracturing-leg-in-a-fall-at-home-agent-says/,"Aug 28, 2023",Error
www.breitbart.com,https://www.breitbart.com/tech/2023/09/15/google-celebrates-communist-activist-luisa-moreno-for-hispanic-heritage-month/,,Error
www.breitbart.com,https://www.breitbart.com/economy/2023/09/01/breitbart-business-digest-taylor-swifts-not-so-cruel-summer-economy/,,Error
www.breitbart.com,https://www.breitbart.com/entertainment/2023/09/18/watch-fireworks-after-female-anchor-calls-russell-brand-a-hero-questions-timing-of-rape-allegations-reporting/,,Error
www.breitbart.com,https://www.breitbart.com/politics/2023/08/28/chicago-police-union-chief-calls-out-democrat-hypocrites-for-not-housing-migrants-in-their-homes/,,Error
www.msnbc.com,https://duckduckgo.com/y.js?ad_domain=aichatapp.ai&ad_provider=bingv7aa&ad_type=txad&click_metadata=kpYhSL1P3_x0_rO%2DxNG4yKmlWx2oWlaiMSfl52FEUtYHa8B9LZHeT%2DdCHvXTlpunQgtlQUyNb_A6iECvTX28UbauhwTvIeVUtgoz5fclmw7QqJvHT36pdc%2DcupYwGNB7.gfzKh5gh1YoOa6uhSjy%2DyA&eddgt=uq3x3YYmfAzOim37xcSLKg%3D%3D&rut=1436aab58f35bccf538df65c0e7cfdb6c8c82559f99134a2f71f79c04133d07a&u3=https%3A%2F%2Fwww.bing.com%2Faclick%3Fld%3De8ge4q94nWXAOERHYX6oM20DVUCUzljZ3Lfa_WN_jsFApqy1GqI5TQZaS%2DxTWYW4mMhMaBDKKpYV6GkRPzHzjdFOvtNLTAq7D2%2DRWhNwg4wEgfVHxCORLt225xAA4DqJAZTMKt5fHoHGYGVuM_9FQsCJpJ7BNjdVUA7ydm18nwtb%2D_2UgSLgJ06oR50CaeC1F%2D0LhxOc4tLUwm5fL8sCOskQLgJqU%26u%3DaHR0cHMlM2ElMmYlMmZjaGF0LmFpY2hhdGFwcC5haSUyZnBsJTJmb25ib2FyZGluZyUzZmxhbmRpbmclM2R2MiUyNnV0bV9zb3VyY2UlM2RiaW5nJTI2dXRtX21lZGl1bSUzZGNwYyUyNnV0bV9jYW1wYWlnbiUzZDQ4NzA3NDYyOSUyNnV0bV90ZXJtJTNkb3BlbmFpJTI2dXRtX2FkZ3JvdXAlM2QxMjMyNTUzNzk0MzA4MjMxJTI2dXRtX25ldHdvcmslM2RvJTI2dXRtX2RldmljZSUzZGMlMjZ1dG1fbWF0Y2h0eXBlJTNkZSUyNnV0bV9sb2NfcGh5c2ljYWxfbXMlM2QxMzc0MDIlMjZtc2Nsa2lkJTNkNTNlNmIxMTFmNmM4MWQzNWZkYzlkODBmOTg0NjY4ZDU%26rlid%3D53e6b111f6c81d35fdc9d80f984668d5&vqd=4-116027691219232002518281677675364386704&iurl=%7B1%7DIG%3D668545A319DE4AFFB46C7E84FB40FC17%26CID%3D25B7FE7B048B66691A5BE8D10528672A%26ID%3DDevEx%2C5037.1,,Error
www.msnbc.com,https://www.msnbc.com/trump-investigation/live-blog/trump-indictment-fulton-county-georgia-live-updates-rcna79536/rcrd16864?canonicalCard=true,,Error
www.msnbc.com,https://www.msnbc.com/katy-tur/watch/florida-resident-on-hurricane-idalia-damage-i-have-nothing-to-go-back-to-191927365519,,Error
www.msnbc.com,https://www.msnbc.com/opinion/msnbc-opinion/vivek-ramaswamy-trump-election-2024-lies-rcna102984,,Error
www.msnbc.com,https://www.msnbc.com/mehdi-on-msnbc/watch/are-we-heading-for-civil-war-if-trump-is-sentenced-to-prison-190811205595,,Error
www.msnbc.com,https://www.msnbc.com/ana-cabrera-reports/watch/business-owners-shares-concerns-as-hurricane-idalia-approaches-florida-191810629800,,Error
www.msnbc.com,https://www.msnbc.com/jose-diaz-balart/watch/tropical-storm-idalia-expected-to-turn-into-a-major-hurricane-191733829692,,Error
www.msnbc.com,https://www.msnbc.com/2024-election/blog/republican-debate-live-updates-rcna100921,,Error
www.msnbc.com,https://www.msnbc.com/opinion/msnbc-opinion/gen-mark-milleys-disturbing-reminder-trumps-disdain-wounded-vets-rcna111476,,Error
www.msnbc.com,https://www.msnbc.com/katy-tur/watch/maui-survivor-tells-real-estate-developers-lahaina-is-not-for-sale-190801477775,,Error
www.msnbc.com,https://www.msnbc.com/ana-cabrera-reports/watch/fema-official-describes-disaster-assistance-to-maui-wildfire-victims-190778949724,,Error
www.cnn.com,https://duckduckgo.com/y.js?ad_domain=aichatapp.ai&ad_provider=bingv7aa&ad_type=txad&click_metadata=NtuaMrQ3dJsrzSxC3RQBxasqVcwe2m5CTpjRooOUYEzw_iztdO_A581L5ZhXxYBWkX3InSX3kzUMKjrpfVH55PMdzzKgL7C0rt4%2D1s1haU9VTsYiQ%2DjjwVOrDlASQYnV.w4cfzvsll0h69NygK_QbGg&eddgt=MDWCTOJRJg2fHGIRwo_A1Q%3D%3D&rut=80516c18e96db6f788161e119eae741b168a926b8f03a2914fc063e816dc6d33&u3=https%3A%2F%2Fwww.bing.com%2Faclick%3Fld%3De8kRa31iXdVIg189Z5jXBMdDVUCUzPac5H8XGeAeESBM9xVeHJgPoghw85fkajsXgMb6E%2DXAe9r4x4qMXZTdWSthPbxTEZ0JGOhbljB7VjneSknwScZTz8%2Drlu4WhZiIJ8ZvlpSiDAtQyqeIFBqved7QRRXWgWu5keokbuS87XksRBcwpvhYCJVw8a90gmS7SRywsWW_LTF7ajqrhiN%2DrszUDphCY%26u%3DaHR0cHMlM2ElMmYlMmZjaGF0LmFpY2hhdGFwcC5haSUyZnBsJTJmb25ib2FyZGluZyUzZmxhbmRpbmclM2R2MiUyNnV0bV9zb3VyY2UlM2RiaW5nJTI2dXRtX21lZGl1bSUzZGNwYyUyNnV0bV9jYW1wYWlnbiUzZDQ4NzA3NDYyOSUyNnV0bV90ZXJtJTNkb3BlbmFpJTI2dXRtX2FkZ3JvdXAlM2QxMjMyNTUzNzk0MzA4MjMxJTI2dXRtX25ldHdvcmslM2RvJTI2dXRtX2RldmljZSUzZGMlMjZ1dG1fbWF0Y2h0eXBlJTNkZSUyNnV0bV9sb2NfcGh5c2ljYWxfbXMlM2QxMzc0MDIlMjZtc2Nsa2lkJTNkZDY2M2VlZjY1ZWY3MWI0YzRmMDc4N2U4MzA2NmE5NDI%26rlid%3Dd663eef65ef71b4c4f0787e83066a942&vqd=4-22227565548521259998647633172865461759&iurl=%7B1%7DIG%3DEB2846852B4D4AA7B63A4DF89244EA41%26CID%3D125E7A8BE4076C8739376C21E5A46DCB%26ID%3DDevEx%2C5043.1,"Sep 25, 2023",Error
www.cnn.com,https://www.cnn.com/2023/09/25/tech/chatgpt-open-ai-humanlike-update,"Sep 20, 2023",Error
www.cnn.com,https://www.cnn.com/2023/09/20/tech/authors-guild-openai-lawsuit/,"Sep 22, 2023",Error
www.cnn.com,https://www.cnn.com/2023/09/22/tech/generative-ai-corporate-policy,"Aug 29, 2023",Error
www.cnn.com,https://www.cnn.com/2023/08/28/media/media-companies-blocking-chatgpt-reliable-sources,"Aug 21, 2023",Error
www.cnn.com,https://www.cnn.com/2023/08/21/tech/khan-academy-ai-tutor/,"Aug 13, 2023",Error
www.cnn.com,https://www.cnn.com/2023/08/13/business/ai-quantum-computer-kaku,"Sep 12, 2023",Error
www.cnn.com,https://www.cnn.com/2023/09/12/politics/white-house-artificial-intelligence-commitments,"Aug 29, 2023",Error
www.cnn.com,https://www.cnn.com/2023/08/29/tech/schumer-ai-forum-zuckerberg-musk,"Sep 25, 2023",Error
www.cnn.com,https://www.cnn.com/2023/09/25/tech/amazon-invests-anthropic-ai/,"Sep 12, 2023",Error
www.cnn.com,https://www.cnn.com/2023/09/12/tech/elon-musk-isaacson-biography-takeaways,"Aug 31, 2023",Error
www.cnn.com,https://www.cnn.com/2023/08/31/tech/baidu-sensetime-ai-bot-launch-china-intl-hnk,"Sep 19, 2023",Error
www.cnn.com,https://www.cnn.com/2023/09/19/tech/google-bard-updates/,"Aug 16, 2023",Error
www.cnn.com,https://www.cnn.com/2023/08/16/tech/snapchat-my-ai-chatbot-glitch,"Aug 30, 2023",Error
www.cnn.com,https://www.cnn.com/2023/08/30/tech/gannett-ai-experiment-paused,"Aug 30, 2023",Error
www.cnn.com,https://www.cnn.com/2023/08/30/tech/google-ai-images-watermark/,"Sep 18, 2023",Error
www.cnn.com,https://www.cnn.com/2023/09/18/tech/elon-musk-benjamin-netanyahu-x-antisemitism/,,Error
www.nytimes.com,https://duckduckgo.com/y.js?ad_domain=aichatapp.ai&ad_provider=bingv7aa&ad_type=txad&click_metadata=LWC9xzrKlxBSMFX8tgkORnH50LSsUeZJPDQwy9ZVzjgUyLBTNuOLfX4Yaymg_MohLk6hvoZP2h%2D15hp2ZKf5QapOeVMxOnLYgZWvtOYjXELQgCwg_2N84q_pIAzo_6_V.0%2D_9fQ5eG4qe3ydU5Hm%2DJQ&eddgt=PGtFMcz7lGeXM9oxRXr9mA%3D%3D&rut=d1c5c2e1ae513d6e42409f84f03633e01e81eb95b488a7e844001e3c6ffbcbb6&u3=https%3A%2F%2Fwww.bing.com%2Faclick%3Fld%3De8rLBpAuOCxKttGkV5WcyuZTVUCUz7D3z%2Dan5G8nnrCnoWoY05xEOuRD4IVfkTwinC5KiNY8gqj2228ApQtsCsk6uxQ26HK2FBMfO3eOhhTaQwusV59P3tbcrlck%2DvZV8Pe2xAVYMY9UMBdmh4bOmQ8gCf3HQHlisvmDAKJ4cuddat_HGl5j7pRoEHCr4umXbLXmkqABthWeiJOKOUdPoBSt0LaXQ%26u%3DaHR0cHMlM2ElMmYlMmZjaGF0LmFpY2hhdGFwcC5haSUyZnBsJTJmb25ib2FyZGluZyUzZmxhbmRpbmclM2R2MiUyNnV0bV9zb3VyY2UlM2RiaW5nJTI2dXRtX21lZGl1bSUzZGNwYyUyNnV0bV9jYW1wYWlnbiUzZDQ4NzA3NDYyOSUyNnV0bV90ZXJtJTNkb3BlbmFpJTI2dXRtX2FkZ3JvdXAlM2QxMjMyNTUzNzk0MzA4MjMxJTI2dXRtX25ldHdvcmslM2RvJTI2dXRtX2RldmljZSUzZGMlMjZ1dG1fbWF0Y2h0eXBlJTNkZSUyNnV0bV9sb2NfcGh5c2ljYWxfbXMlM2QxMzY3OTklMjZtc2Nsa2lkJTNkOGU5ZDVkZGJkMTIyMTM2NTMzNjgzNGM1YmZiN2QzYWY%26rlid%3D8e9d5ddbd1221365336834c5bfb7d3af&vqd=4-52019031155247576340719504184458073026&iurl=%7B1%7DIG%3D62FCD11E3F7F413397D853764374AE88%26CID%3D2B8655D52DDD665C063E437F2C8A67F9%26ID%3DDevEx%2C5045.1,"Sep 28, 2023",Error
www.nytimes.com,https://www.nytimes.com/2023/09/28/technology/openai-apple-silicon-valley-supergroup-create-ai-device.html,"Sep 25, 2023",Error
www.nytimes.com,https://www.nytimes.com/2023/09/25/technology/chatgpt-talk-digital-assistance.html,"Sep 20, 2023",Error
www.nytimes.com,https://www.nytimes.com/2023/09/20/technology/chatgpt-dalle3-images-openai.html,"Sep 27, 2023",Error
www.nytimes.com,https://www.nytimes.com/2023/09/27/technology/new-chatgpt-can-see-hear.html,"Aug 24, 2023",Error
www.nytimes.com,https://www.nytimes.com/2023/08/24/upshot/artificial-intelligence-jobs.html,"Aug 29, 2023",Error
www.nytimes.com,https://www.nytimes.com/2023/08/29/technology/ai-revolution-time.html,"Sep 7, 2023",Error
www.nytimes.com,https://www.nytimes.com/2023/09/07/technology/artificial-intelligence-framework-senate.html,"Sep 20, 2023",Error
www.nytimes.com,https://www.nytimes.com/2023/09/20/books/authors-openai-lawsuit-chatgpt-copyright.html,"Sep 12, 2023",Error
www.nytimes.com,https://www.nytimes.com/2023/09/12/technology/white-house-ai-tech-pledge.html,"Sep 25, 2023",Error
www.nytimes.com,https://www.nytimes.com/2023/09/25/technology/chatgpt-rlhf-human-tutors.html,"Sep 25, 2023",Error
www.nytimes.com,https://duckduckgo.com/y.js?ad_domain=aichatapp.ai&ad_provider=bingv7aa&ad_type=txad&click_metadata=5YSxEe9qo1aMRyygEySBLRmUFpWmBe%2DKy%2DAYO3MUuDZ5M1kYiwip8KlXrqXzRCCESTN%2DZEPEBJhrckfIYAXChpP_J66xLttwVZcBvFxZlNkzbIWn__GXMYhN2feo4CXt.pbPh9vj_JjeLbEtaNQ8tww&eddgt=rdEcbfzNqcG4WGwVGM1oRw%3D%3D&rut=5d9e49f5e16fe414b57139c8faa441e0c051fc86817fa6bc117f9fd97bcd54a1&u3=https%3A%2F%2Fwww.bing.com%2Faclick%3Fld%3De8Yr0zcsICk9P26VKxw8HGpzVUCUyt0EAQTkVQjrFcitRFoAqLGanG%2DInEApazsGMd%2Da2QG_Fk8y9Ktxjx4rlhZThqWcsaVosHvm4OvNHARkmhn7WJdtaKpUlMxwLrCkY3kZd8pTu298ly1WXPJbYCztElRLeFzTyMFDWSJ9vPM%2DSZDP8QJnHa9KH%2DRtsXGm8xau4LcHKj8D1jYaI7u0ZxL6ANkOY%26u%3DaHR0cHMlM2ElMmYlMmZjaGF0LmFpY2hhdGFwcC5haSUyZnBsJTJmb25ib2FyZGluZyUzZmxhbmRpbmclM2R2MiUyNnV0bV9zb3VyY2UlM2RiaW5nJTI2dXRtX21lZGl1bSUzZGNwYyUyNnV0bV9jYW1wYWlnbiUzZDQ4NzA3NDYyOSUyNnV0bV90ZXJtJTNkb3BlbmFpJTI2dXRtX2FkZ3JvdXAlM2QxMjMyNTUzNzk0MzA4MjMxJTI2dXRtX25ldHdvcmslM2RvJTI2dXRtX2RldmljZSUzZGMlMjZ1dG1fbWF0Y2h0eXBlJTNkZSUyNnV0bV9sb2NfcGh5c2ljYWxfbXMlM2QxMzY3OTklMjZtc2Nsa2lkJTNkYzk4NGIyMWYxYTBhMTM3NTRkNzRkYjAxNzQ5MmQxZjg%26rlid%3Dc984b21f1a0a13754d74db017492d1f8&vqd=4-244558578076688327360137300701607367450&iurl=%7B1%7DIG%3DA7A9400AA6F64D269A69A2724D68CFFF%26CID%3D1E115BF3BD7560130F104D59BC7D61ED%26ID%3DDevEx%2C5042.1,"Aug 21, 2023",Error
www.nytimes.com,https://www.nytimes.com/2023/09/25/technology/amazon-anthropic-ai-deal.html,"Sep 28, 2023",Error
www.nytimes.com,https://www.nytimes.com/2023/08/21/arts/design/copyright-ai-artwork.html,"Sep 13, 2023",Error
www.nytimes.com,https://www.nytimes.com/2023/09/28/business/ibm-ai-data.html,"Aug 15, 2023",Error
www.nytimes.com,https://www.nytimes.com/2023/09/13/technology/silicon-valley-ai-washington-schumer.html,"Sep 28, 2023",Error
www.nytimes.com,https://www.nytimes.com/2023/08/15/arts/television/comedy-artificial-intelligence-chatgpt.html,"Sep 10, 2023",Error
www.nytimes.com,https://www.nytimes.com/2023/09/28/opinion/ai-safety-ethics-effective.html,"Sep 23, 2023",Error
www.nytimes.com,https://www.nytimes.com/2023/09/10/podcasts/the-daily/wikipedia-ai.html,"Sep 1, 2023",Error
www.nytimes.com,https://www.nytimes.com/2023/09/23/opinion/ai-internet-lawsuit.html,"Aug 16, 2023",Error
www.nytimes.com,https://www.nytimes.com/2023/09/01/business/chatbot-essays-harvard-yale-princeton-dartmouth.html,"Sep 9, 2023",Error
www.nytimes.com,https://www.nytimes.com/2023/08/16/technology/google-ai-life-advice.html,"Sep 1, 2023",Error
www.nytimes.com,https://www.nytimes.com/2023/09/09/technology/elon-musk-walter-isaacson-takeaways.html,"Sep 1, 2023",Error
www.nytimes.com,https://www.nytimes.com/2023/09/01/technology/ai-chatbots-college-applications.html,"Sep 27, 2023",Error
www.nytimes.com,https://www.nytimes.com/2023/09/01/podcasts/the-secretive-billionaires-building-a-tech-utopia-caseys-external-brain-hatgpt.html,"Aug 16, 2023",Error
www.nytimes.com,https://www.nytimes.com/2023/09/27/technology/meta-ai-celebrities.html,"Aug 24, 2023",Error
www.nytimes.com,https://www.nytimes.com/2023/08/16/technology/ai-defcon-hackers.html,"Aug 24, 2023",Error
www.nytimes.com,https://duckduckgo.com/y.js?ad_domain=aichatapp.ai&ad_provider=bingv7aa&ad_type=txad&click_metadata=d4OAGMYQWxK1C3UgccVXS1kuboupTpXFMln1jM5a9lupfN4B7s3cckLlz9aeIIYUuu6J%2DA%2DuyE5fEfcF8ftHp_xOpI70MWP2ENnRUAeKYhxp8SPuEgCSfInLPHywzivV.KXgjDpYr3gS1gMN%2DTyyMwg&eddgt=YjPcWwFADww_Bj540pogOA%3D%3D&rut=38384476c3ffb8937bb78c178b7d4d5331107157bfba6a9af5c2f97ae8688c48&u3=https%3A%2F%2Fwww.bing.com%2Faclick%3Fld%3De8GrxJsB8potkuJB2kTlXrVzVUCUz4CGlqIbJFo6dh5ZDZ2NuCxLR17iBt6DY8KyQ8Qp7H6Jrm6bemMiHTdzjfj4dp73JFEIUD6GtXgffTOc8Htvf%2DA7cKdc0cyLhjUhrt9aqtp2TIclvzuSdZKSzvRVkk%2DUNxxnUhqEEUuIbCjcdZcO4kadFHegRiyX94UIo2PdayaJsuMBxxLfnHUl6xemg9Ozo%26u%3DaHR0cHMlM2ElMmYlMmZjaGF0LmFpY2hhdGFwcC5haSUyZnBsJTJmb25ib2FyZGluZyUzZmxhbmRpbmclM2R2MiUyNnV0bV9zb3VyY2UlM2RiaW5nJTI2dXRtX21lZGl1bSUzZGNwYyUyNnV0bV9jYW1wYWlnbiUzZDQ4NzA3NDYyOSUyNnV0bV90ZXJtJTNkb3BlbmFpJTI2dXRtX2FkZ3JvdXAlM2QxMjMyNTUzNzk0MzA4MjMxJTI2dXRtX25ldHdvcmslM2RvJTI2dXRtX2RldmljZSUzZGMlMjZ1dG1fbWF0Y2h0eXBlJTNkZSUyNnV0bV9sb2NfcGh5c2ljYWxfbXMlM2QxMzc0MDIlMjZtc2Nsa2lkJTNkNGYxNGE1Yjg2NmYxMWQwM2U4M2RjY2E2MDg2ODY5MGE%26rlid%3D4f14a5b866f11d03e83dcca60868690a&vqd=4-224600352754412606544313715589658081106&iurl=%7B1%7DIG%3D3321176FF29F4F2F934F87D584B18355%26CID%3D083CF1E9F618617414D2E743F71060A1%26ID%3DDevEx%2C5036.1,"Sep 18, 2023",Error
www.nytimes.com,https://duckduckgo.com/y.js?ad_domain=pluralsight.com&ad_provider=bingv7aa&ad_type=txad&click_metadata=Ro1pqjbbTr_AvMypEZBb1WQm7gwfF0jqCFZL2dXPQI%2DsYHckkmFBW4o2c2TktKcJplqMdL2pxuynBC9OjhLwGKbkd_fIGQ0gb8KCgFY_2K90kO9zYXDJtG2R910U8_gT.WCpaj2wfy1lN_FE9qc3l6g&eddgt=YjPcWwFADww_Bj540pogOA%3D%3D&rut=d3ebeba506a47d141a023b61f10cd922f496645b6acdfcd3ecb1aee744ea22f4&u3=https%3A%2F%2Fwww.bing.com%2Faclick%3Fld%3De8QsTogaWbqXCjS20Up8WG7DVUCUy13rcmh2QPHlrTFOfkvQGXefZIcScZveQj4IPUyyO0sv4BzGBUmYVhzkaW_3YYNu7%2DL8N%2DO7sprm0D7eP29E6N3_GmdzLIgmFnXPLCdPxyqtiVJOXFEcEbQwRntCpiXsQcAt6f5ISYhZYJMjU9TWYe_28aGNL7GvgwvHTXG8KuBOYeDObEEHzD_o9boGsodH8%26u%3DaHR0cHMlM2ElMmYlMmZ3d3cucGx1cmFsc2lnaHQuY29tJTJmcGF0aHMlMmZvcGVuYWktZm9yLWRldmVsb3BlcnMlM2Z1dG1fc291cmNlJTNkYmluZyUyNnV0bV9tZWRpdW0lM2RwYWlkLXNlYXJjaCUyNnV0bV9jYW1wYWlnbiUzZGIyYy1lbWVhLWFsbC1jb24tcHVyLWJuZy1wYWlkX3NlYXJjaC1ldmctZHNhJTI2dXRtX2FkZ3JvdXAlM2RuYl9wYXRocyUyNnV0bV90ZXJtJTNkJTI1MkZwYXRocyUyNTJGJTI2dXRtX2NvbnRlbnQlM2RmcmVlLXRyaWFsJTI2bXNjbGtpZCUzZGUzMDY2ZTk5YmRjOTFkZjc3YzRjMDc4N2QzNTA1Y2I1%26rlid%3De3066e99bdc91df77c4c0787d3505cb5&vqd=4-87963484029718234845739752730565930674&iurl=%7B1%7DIG%3D3321176FF29F4F2F934F87D584B18355%26CID%3D083CF1E9F618617414D2E743F71060A1%26ID%3DDevEx%2C5053.1,"Sep 4, 2023",Error
www.nytimes.com,https://www.nytimes.com/athletic/4765545/2023/08/24/the-rise-of-generative-ai-in-football-scouting/,"Sep 20, 2023",Error
www.nytimes.com,https://www.nytimes.com/2023/08/24/technology/how-schools-can-survive-and-maybe-even-thrive-with-ai-this-fall.html,"Aug 24, 2023",Error
www.nytimes.com,https://www.nytimes.com/2023/09/18/opinion/contributors/google-antitrust-trial.html,"Sep 21, 2023",Error
www.nytimes.com,https://www.nytimes.com/2023/09/04/books/review/do-you-remember-being-born-sean-michaels.html,"Aug 24, 2023",Error
www.nytimes.com,https://www.nytimes.com/sitemap/2023/09/20/,"Sep 1, 2023",Error
www.nytimes.com,https://www.nytimes.com/2023/08/24/technology/how-teachers-and-students-feel-about-ai.html,,Error
www.nytimes.com,https://www.nytimes.com/2023/09/21/briefing/social-media-teenagers.html,,Error
www.nytimes.com,https://www.nytimes.com/2023/08/24/upshot/artificial-intelligence-regulation.html,,Error
www.nytimes.com,https://www.nytimes.com/es/2023/09/01/espanol/tareas-escolares-chatgpt-ia.html,,Error
www.washingtonpost.com,https://duckduckgo.com/y.js?ad_domain=aichatapp.ai&ad_provider=bingv7aa&ad_type=txad&click_metadata=bYQTIgkfMN3o2KIW_T4yslfUgkxAl4AVrxZ2JEbpUiceUyYOAEHwECrIMgc%2DcmMPtlb3YYGYOn0wUeGNmIScZClwcOwg52aHnWe8ftUzlPcpRvYAGr5JVWhbK4IJQ7y8.vIPoZAM8dPC2u865Q%2D16qQ&eddgt=sIkaDqJlvqbAh4GCr_cnYg%3D%3D&rut=2506ec40cd863f14b7da7cadc7b9f55511112c1ec54048cce21fb4e26f32b578&u3=https%3A%2F%2Fwww.bing.com%2Faclick%3Fld%3De8yz6chrdY2F5W1XBuTOHaDzVUCUyz1uo7L4jyy95_YWu_IkNZb2k2Paodx9ocMMfBTLlfNXAebr66ci9MlYGufGRsIYBNwXLVRdXAieUNCA4AKzsmUQsJyK2A3qAaafLEsGNfoBU1bOobVGxadQ5QhejdKLuJzU1ntBdWTTvd2tx7jN%2DpRr9XJTmrwgUsrfqaeNKYyCAcD4QPjNdn8DJGc4oTCSs%26u%3DaHR0cHMlM2ElMmYlMmZjaGF0LmFpY2hhdGFwcC5haSUyZnBsJTJmb25ib2FyZGluZyUzZmxhbmRpbmclM2R2MiUyNnV0bV9zb3VyY2UlM2RiaW5nJTI2dXRtX21lZGl1bSUzZGNwYyUyNnV0bV9jYW1wYWlnbiUzZDQ4NzA3NDYyOSUyNnV0bV90ZXJtJTNkb3BlbmFpJTI2dXRtX2FkZ3JvdXAlM2QxMjMyNTUzNzk0MzA4MjMxJTI2dXRtX25ldHdvcmslM2RvJTI2dXRtX2RldmljZSUzZGMlMjZ1dG1fbWF0Y2h0eXBlJTNkZSUyNnV0bV9sb2NfcGh5c2ljYWxfbXMlM2QxMzY3OTklMjZtc2Nsa2lkJTNkYWQ4NjJjNGZhYWVlMWZmODMxNjI0NTUxYzQ3NTBkODc%26rlid%3Dad862c4faaee1ff831624551c4750d87&vqd=4-99551289268637630571616163778788945981&iurl=%7B1%7DIG%3DBA0EBAB78E9E4F7BA5FB7891F05286B3%26CID%3D177930C18DDF676522E8266B8CDD6626%26ID%3DDevEx%2C5040.1,"Sep 20, 2023",Error
www.washingtonpost.com,https://www.washingtonpost.com/technology/2023/09/20/openai-dall-e-image-generator/,"Aug 16, 2023",Error
www.washingtonpost.com,https://www.washingtonpost.com/technology/2023/08/16/chatgpt-ai-political-bias-research/,"Sep 22, 2023",Error
www.washingtonpost.com,https://www.washingtonpost.com/technology/2023/09/22/new-ai-launch-google-amazon-dalle-copilot/,"Sep 10, 2023",Error
www.washingtonpost.com,https://www.washingtonpost.com/opinions/2023/09/10/ai-future-power-imperfection-technology/,"Aug 31, 2023",Error
www.washingtonpost.com,https://www.washingtonpost.com/technology/interactive/2023/how-to-talk-ai-chatbot-chatgpt/,"Sep 3, 2023",Error
www.washingtonpost.com,https://www.washingtonpost.com/world/2023/09/03/ai-regulation-law-china-israel-eu/,"Sep 12, 2023",Error
www.washingtonpost.com,https://www.washingtonpost.com/opinions/2023/09/12/sam-altman-openai-artificial-intelligence-regulation-summit/,"Aug 28, 2023",Error
www.washingtonpost.com,https://www.washingtonpost.com/technology/2023/08/28/ai-2024-election-campaigns-disinformation-ads/,"Sep 13, 2023",Error
www.washingtonpost.com,https://www.washingtonpost.com/technology/2023/09/13/senate-ai-hearing-musk-zuckerburg-schumer/,"Sep 29, 2023",Error
www.washingtonpost.com,https://www.washingtonpost.com/books/2023/09/29/authors-ai-copyright-books3-reactions/,,Error
www.washingtonpost.com,https://duckduckgo.com/y.js?ad_domain=udemy.com&ad_provider=bingv7aa&ad_type=txad&click_metadata=EhogdvIzxOQ4BtoXMseo8u7fRUJXwuC0CJG3CA%2DQ4mzgntqb3tnQZaxuMAcuewsZAHM8EOa74v%2Dm%2D4dPlXCK8TJ1vqMooCeUsRX%2DwI4ztnIHWUpPswZSFF3Z_fEGIGUV.b3fDKg_GF58Bqnmr5Wqdqw&eddgt=sIkaDqJlvqbAh4GCr_cnYg%3D%3D&rut=ec99cf5e73994fea119384ce8abb1771b808601514f4f02f1346066543ce1ab6&u3=https%3A%2F%2Fwww.bing.com%2Faclick%3Fld%3De8BMaaBl0xzM0YbZ0_yxTr3zVUCUwjfmNbeLNBhL%2D6UU%2DFMtcmvpjeGf8ftXEZoKMwcQ6avkusV_38X%2DBYECUnvX4d%2D3pvjEVnyignmu%2D8dclTT4LYNpHXi_oD1I%2D4Pqb2NIGAYt0pBnht%2D7rRnccCUNtXO%2D8i9_w4UHUt_x3uhLbiSy9QBG7Ksz46mzVMibp%2DHRkUsldajPf2lGMiL3GW_rqXsqY%26u%3DaHR0cHMlM2ElMmYlMmZ3d3cudWRlbXkuY29tJTJmY291cnNlJTJmY2hhdGdwdC1kYWxsLWUtb3BlbmFpLWFwaS1zdGVwLWJ5LXN0ZXAtbWFzdGVyY2xhc3MlMmYlM2Z1dG1fc291cmNlJTNkYmluZyUyNnV0bV9tZWRpdW0lM2R1ZGVteWFkcyUyNnV0bV9jYW1wYWlnbiUzZEJHLVNlYXJjaF9EU0FfQmV0YV9Qcm9mX2xhLkVOX2NjLlJPVy1FbmdsaXNoJTI2Y2FtcGFpZ250eXBlJTNkU2VhcmNoJTI2cG9ydGZvbGlvJTNkQmluZy1ST1ctRW5nbGlzaCUyNmxhbmd1YWdlJTNkRU4lMjZwcm9kdWN0JTNkQ291cnNlJTI2dGVzdCUzZCUyNmF1ZGllbmNlJTNkRFNBJTI2dG9waWMlM2QlMjZwcmlvcml0eSUzZEJldGElMjZ1dG1fY29udGVudCUzZGRlYWw0NTg0JTI2dXRtX3Rlcm0lM2RfLl9hZ18xMzEyODE5MjcyODY0NzUyXy5fYWRfXy5fa3dfRGVzaWduJTI1MjBlbl8uX2RlX2NfLl9kbV9fLl9wbF9fLl90aV9kYXQtMjMzMzg1MDg2OTYwNjk1MiUzYWxvYy0xNTFfLl9saV8xMzY3OTlfLl9wZF9fLl8lMjZtYXRjaHR5cGUlM2RiJTI2bXNjbGtpZCUzZDBiNjlmMDE5NjcyZDFiYjg4NzQzOTkwNzA5YjY4MTdj%26rlid%3D0b69f019672d1bb88743990709b6817c&vqd=4-276710084015509737805416500739079540396&iurl=%7B1%7DIG%3DBA0EBAB78E9E4F7BA5FB7891F05286B3%26CID%3D177930C18DDF676522E8266B8CDD6626%26ID%3DDevEx%2C5056.1,,Error
www.huffpost.com,https://duckduckgo.com/y.js?ad_domain=aichatapp.ai&ad_provider=bingv7aa&ad_type=txad&click_metadata=XaLP7eCW2%2DWhS6TYHQnP0aYA3HolAJUnNRiiqgNCsi2NI3tworFRRJDW%2D00m1ljVHDB57V62HDMfvoJgEz97ygTw3w7GZjePuEDQXojR0qrDKi_vs6gNiqUVzGVhIZQq.4a8l7apHYiBct86yI1mbCA&eddgt=e%2DV7aLQSO0pmAnL3V1kFog%3D%3D&rut=675beec29bb1fc9340c052d726c693d986470a283939324c49ceedcf37bddef1&u3=https%3A%2F%2Fwww.bing.com%2Faclick%3Fld%3De8IRK6x2U2Pmyl2xIccSD0CjVUCUzWWVHAKHZh5%2DAYPXuT4faT364gUfk2GA1LBna3tRj%2DN7%2DptlaM6Dxo_iVx0aJzB7p8rGpaW0eNZxXlT1F_gPYuS_tdaVeGFoCpj0%2D2uAVu8qX2do1_BtBTRZkCZmKHrcSYL_d%2DQj3ht3Baype%2DZAZ8QHAeWLBNDqoH_wNkEZs3T_RMItcfRGrFghx%2DoU0y1v0%26u%3DaHR0cHMlM2ElMmYlMmZjaGF0LmFpY2hhdGFwcC5haSUyZnBsJTJmb25ib2FyZGluZyUzZmxhbmRpbmclM2R2MiUyNnV0bV9zb3VyY2UlM2RiaW5nJTI2dXRtX21lZGl1bSUzZGNwYyUyNnV0bV9jYW1wYWlnbiUzZDQ4NzA3NDYyOSUyNnV0bV90ZXJtJTNkb3BlbmFpJTI2dXRtX2FkZ3JvdXAlM2QxMjMyNTUzNzk0MzA4MjMxJTI2dXRtX25ldHdvcmslM2RvJTI2dXRtX2RldmljZSUzZGMlMjZ1dG1fbWF0Y2h0eXBlJTNkZSUyNnV0bV9sb2NfcGh5c2ljYWxfbXMlM2QxMzc0MDIlMjZtc2Nsa2lkJTNkZDI2ZDZiZDg3ODYzMTAyZjRjM2UwMmM2MTZmY2U1Mzk%26rlid%3Dd26d6bd87863102f4c3e02c616fce539&vqd=4-187496885821863354802719057061212135031&iurl=%7B1%7DIG%3D06E54553924F4D3CB77D3712C05E43A1%26CID%3D3CAAFDAD1045629D306AEB0711E66388%26ID%3DDevEx%2C5029.1,,Error
www.huffpost.com,https://www.huffpost.com/entry/john-grisham-george-rr-martin-openai-copyright-infringement_n_650b3f3ee4b097b86b3bb4da,,Error
www.huffpost.com,https://www.huffpost.com/entry/centrus-oklo-nuclear_n_64ebc564e4b0d17252144d32,,Error
www.theatlantic.com,https://duckduckgo.com/y.js?ad_domain=aichatapp.ai&ad_provider=bingv7aa&ad_type=txad&click_metadata=AahryEzyAc5baRh03h5QzBfyph7lzBvOr%2DN3mxCrhid%2DbmQaFpR_7nxpjDnr8XX5BNsrf9dsOpD0FQ43YYdJ1q3aG9n_UDjU3ICG3oQGPZsl7EOOhsGneT3eB1k0rceB.lOwGVR3odI5CDvG1Qqbcfg&eddgt=82_T8ktIalviG8gLlt%2DTvQ%3D%3D&rut=95bc1c9cddbd314ddb756a3543b41fd5551ff9e59499b2942d0dea071147a006&u3=https%3A%2F%2Fwww.bing.com%2Faclick%3Fld%3De8w%2DHeo%2Dh8NTWORZlmYR7IeTVUCUyTko39C9o7Cvqs9qNC%2D%2DYnK6wsPh1NL8Tmyqq2Ez34i2m6EGauzWeZDCMUEyo5lFtF_b5wlSv9NFdULnXd3KhiwmMHMUqUUsNrzuMywxixU7Wserz5no7IsC%2D1exxyFQOMJu2FJBH1i3lh6TtG5IY9_qw0Tb7zhqM5C0w7NrJRapsecTQuhm16fiB3mzk9P_4%26u%3DaHR0cHMlM2ElMmYlMmZjaGF0LmFpY2hhdGFwcC5haSUyZnBsJTJmb25ib2FyZGluZyUzZmxhbmRpbmclM2R2MiUyNnV0bV9zb3VyY2UlM2RiaW5nJTI2dXRtX21lZGl1bSUzZGNwYyUyNnV0bV9jYW1wYWlnbiUzZDQ4NzA3NDYyOSUyNnV0bV90ZXJtJTNkb3BlbmFpJTI2dXRtX2FkZ3JvdXAlM2QxMjMyNTUzNzk0MzA4MjMxJTI2dXRtX25ldHdvcmslM2RvJTI2dXRtX2RldmljZSUzZGMlMjZ1dG1fbWF0Y2h0eXBlJTNkZSUyNnV0bV9sb2NfcGh5c2ljYWxfbXMlM2QxMzc0MDIlMjZtc2Nsa2lkJTNkYjdmNWUyYzIxODFhMTk5NDNhYTM4YmRjNzZiMDIwN2U%26rlid%3Db7f5e2c2181a19943aa38bdc76b0207e&vqd=4-42919499771181067014020036545263255803&iurl=%7B1%7DIG%3D0078220015834A07B003AEF226CA1025%26CID%3D1D8545F414C363041CAF535E15C1620C%26ID%3DDevEx%2C5036.1,,Error
www.theatlantic.com,https://www.theatlantic.com/technology/archive/2023/09/books3-database-generative-ai-training-copyright-infringement/675363/,,Error
www.theatlantic.com,https://www.theatlantic.com/technology/archive/2023/08/books3-ai-meta-llama-pirated-books/675063/,,Error
www.theatlantic.com,https://www.theatlantic.com/technology/archive/2023/09/open-ai-worldcoin-crypto-project-iris-scanning-orb/675256/,,Error
www.theatlantic.com,https://www.theatlantic.com/technology/archive/2023/08/ai-carbon-emissions-data-centers/675094/,,Error
www.theatlantic.com,https://www.theatlantic.com/technology/archive/2023/09/robot-safety-standards-regulation-human-fatalities/675231/,,Error
www.theatlantic.com,https://www.theatlantic.com/ideas/archive/2023/09/benjamin-netanyahu-elon-musk-ai-pessimism/675406/,,Error
www.theatlantic.com,https://www.theatlantic.com/live/atlantic-festival-2023/,,Error
www.theatlantic.com,https://www.theatlantic.com/newsletters/archive/2023/09/new-york-ruling-trump-organization/675475/,,Error
www.theatlantic.com,https://www.theatlantic.com/photo/2023/08/photos-week-smoky-skies-lazy-day-mug-shot/675127/,,Error
www.vox.com,https://duckduckgo.com/y.js?ad_domain=aichatapp.ai&ad_provider=bingv7aa&ad_type=txad&click_metadata=mV0UhSG7VjbZwr6BUxmZZA_cE%2D79hARokNuTyrR76C2m7VbF%2DISbXb3itJEmfDRAYGy0IleLclD94M8vtuSPVK7D8e%2D8U2Q0vTpf%2Ddf8DhXIe6v29ANXKy6I0WDr5vJF.M1pKbG6%2DZwsfCniSEabRIA&eddgt=ybHE0SUKBaPkOwHJMwTgxQ%3D%3D&rut=20387135b0a1eaeee0dd1771236e9017ee63aef6e7b40f84186cca0d6861513e&u3=https%3A%2F%2Fwww.bing.com%2Faclick%3Fld%3De8odYIR0vOd7uEyfiHA_wjZzVUCUwFlT_X4_GtAWoxTzkPInbAUxsE_lvOKFupDTa2jRMhN2P_CZklMyzSPCNuIoKOTgCOcQWCSQY7sIHksHCt3IphH6CFdWx0J%2DQQeX8GAzP5pnP03LzBPHTO3bbYcrsS6JlodxknCWDDuDMIyoxe_UuUndjJ_UNbgqCPlfZwVYtXNpr7hHhEWWJ1lgcnOd6844I%26u%3DaHR0cHMlM2ElMmYlMmZjaGF0LmFpY2hhdGFwcC5haSUyZnBsJTJmb25ib2FyZGluZyUzZmxhbmRpbmclM2R2MiUyNnV0bV9zb3VyY2UlM2RiaW5nJTI2dXRtX21lZGl1bSUzZGNwYyUyNnV0bV9jYW1wYWlnbiUzZDQ4NzA3NDYyOSUyNnV0bV90ZXJtJTNkb3BlbmFpJTI2dXRtX2FkZ3JvdXAlM2QxMjMyNTUzNzk0MzA4MjMxJTI2dXRtX25ldHdvcmslM2RvJTI2dXRtX2RldmljZSUzZGMlMjZ1dG1fbWF0Y2h0eXBlJTNkZSUyNnV0bV9sb2NfcGh5c2ljYWxfbXMlM2QxMzY3OTklMjZtc2Nsa2lkJTNkMWFmYjlhNWEzYzZmMWMzMzljMzRmMzQ0NTJjMjdiNTI%26rlid%3D1afb9a5a3c6f1c339c34f34452c27b52&vqd=4-252514896793317276001961713051520415987&iurl=%7B1%7DIG%3D8D3FDCE9B3CF4EDE93F02F5F3363D976%26CID%3D2EAE129E35AE671E2E82043434AC66FA%26ID%3DDevEx%2C5036.1,,Error
www.vox.com,https://www.vox.com/future-perfect/2023/9/19/23879648/americans-artificial-general-intelligence-ai-policy-poll,,Error
www.vox.com,https://www.vox.com/future-perfect/2023/8/18/23836362/ai-slow-down-poll-regulation,,Error
www.vox.com,https://www.vox.com/future-perfect/23794855/anthropic-ai-openai-claude-2,,Error
www.vox.com,https://www.vox.com/the-highlight/23779413/silicon-valleys-ai-religion-transhumanism-longtermism-ea,,Error
www.vox.com,https://www.vox.com/future-perfect/23827785/artifical-intelligence-ai-drug-discovery-medicine-pharmaceutical,,Error
www.vox.com,https://www.vox.com/the-highlight/23777171/ai-animals-rights-cruelty-transhumanism-bostrom,,Error
www.vox.com,https://www.vox.com/2023/9/23/23886163/google-microsoft-amazon-generative-ai-assistants,,Error
www.vox.com,https://www.vox.com/money/23798848/deaging-longevity-billionaires-rejuvenation-olympics,,Error
www.vox.com,https://www.vox.com/technology/2023/9/7/23862175/new-iphone-15-pro-do-i-need-to-upgrade,,Error
www.vox.com,https://duckduckgo.com/y.js?ad_domain=udemy.com&ad_provider=bingv7aa&ad_type=txad&click_metadata=W6XZ8F1lEqjHlhbBv8I9bWbUbb4UH03Vvx16db4qfkfCbrsh9V28A1oi0aHmp%2D45_zc5RcEN582a6kCaBOOSJG9rMfBhV3GC9_2Eu%2DGoeAA3zCjK4uW7hYj3EjICp8Au.rq%2DyRFkEb3KJPOm2zeaxyw&eddgt=ybHE0SUKBaPkOwHJMwTgxQ%3D%3D&rut=f38c1f6a2757e492b3271a7037ddde3717ef1bad80e4800ee7a0d970afde5b06&u3=https%3A%2F%2Fwww.bing.com%2Faclick%3Fld%3De8IEm3rabbrIY8LRpfD5XKRTVUCUweXfiHqui%2DEKmpmYvF4mLWpbkfFo72UeAfF6t45hAuq%2DYt9guZfLpVu%2DeBIhP4k9DrcPdoHr7njn6gDejClTDpEo2KUtBrnXCVpgJKQ2R036HuCcA%2D31JSLOgybJ_Rm0mk99q4IlbFc91nV4DJc9ZWVJKZY42gD%2DWx_hQXG44KUK8POYqpGwAK2eI5F6FikvY%26u%3DaHR0cHMlM2ElMmYlMmZ3d3cudWRlbXkuY29tJTJmY291cnNlJTJmbWFzdGVyaW5nLW9wZW5haSUyZiUzZnV0bV9zb3VyY2UlM2RiaW5nJTI2dXRtX21lZGl1bSUzZHVkZW15YWRzJTI2dXRtX2NhbXBhaWduJTNkQkctU2VhcmNoX0RTQV9CZXRhX1Byb2ZfbGEuRU5fY2MuUk9XLUVuZ2xpc2glMjZjYW1wYWlnbnR5cGUlM2RTZWFyY2glMjZwb3J0Zm9saW8lM2RCaW5nLVJPVy1FbmdsaXNoJTI2bGFuZ3VhZ2UlM2RFTiUyNnByb2R1Y3QlM2RDb3Vyc2UlMjZ0ZXN0JTNkJTI2YXVkaWVuY2UlM2REU0ElMjZ0b3BpYyUzZCUyNnByaW9yaXR5JTNkQmV0YSUyNnV0bV9jb250ZW50JTNkZGVhbDQ1ODQlMjZ1dG1fdGVybSUzZF8uX2FnXzEzMjYwMTM0MTE2NzYzNjRfLl9hZF9fLl9rd19JVCUyNTIwZW5fLl9kZV9jXy5fZG1fXy5fcGxfXy5fdGlfZGF0LTIzMzQ2NzU1MDMyNzY1NjQlM2Fsb2MtMTUxXy5fbGlfMTM2Nzk5Xy5fcGRfXy5fJTI2bWF0Y2h0eXBlJTNkYiUyNm1zY2xraWQlM2Q3YjdkYTQzNDk3MjExMDhkZjA4YWNkMmFmOThjNmY0NQ%26rlid%3D7b7da4349721108df08acd2af98c6f45&vqd=4-89211623409224890804556739285646659010&iurl=%7B1%7DIG%3D8D3FDCE9B3CF4EDE93F02F5F3363D976%26CID%3D2EAE129E35AE671E2E82043434AC66FA%26ID%3DDevEx%2C5050.1,,Error
www.mediamatters.org,https://duckduckgo.com/y.js?ad_domain=aichatapp.ai&ad_provider=bingv7aa&ad_type=txad&click_metadata=cg56GDYhPsH8eYEkw6V4HAlZ66cmXYeLApjLh2q906l2TdjFOMwG7_Nwu5W9qfVqKoNh7vY3uImTy0aRaMV7%2D63aPyZaFtwEFT_6Rs4gI7hCEKMRwL7MRpCC4%2Ds2BRcn.5a5iUyjQeDUapNyibaO8wQ&eddgt=OYwryq9IqaWgSMJz%2D0itWA%3D%3D&rut=863f5b99f9f39508fa2ff6e4831e12f0e9570e464419c67866f2e5d42e328911&u3=https%3A%2F%2Fwww.bing.com%2Faclick%3Fld%3De8eWwB2lCyteBh854%2Dr8RChTVUCUzOuunh4vrhIcuwmLYudLn0ctTBKmsPrd48mTwt1SZlBa82rq%2D2WJ0bVYka9Yo1akML5Qm8kZIzVsRzfAuutS_btiSPBBxhiK4W7Nu7IZoGw2YNqk7nnsy7M9_F6MVpsKQhBTL5D_TyIcUR%2DVkjlwUIvdFQol2EnmV3IqVm2T94c6XoOGiQgJVVh7PRqrY_Yyc%26u%3DaHR0cHMlM2ElMmYlMmZjaGF0LmFpY2hhdGFwcC5haSUyZnBsJTJmb25ib2FyZGluZyUzZmxhbmRpbmclM2R2MiUyNnV0bV9zb3VyY2UlM2RiaW5nJTI2dXRtX21lZGl1bSUzZGNwYyUyNnV0bV9jYW1wYWlnbiUzZDQ4NzA3NDYyOSUyNnV0bV90ZXJtJTNkb3BlbmFpJTI2dXRtX2FkZ3JvdXAlM2QxMjMyNTUzNzk0MzA4MjMxJTI2dXRtX25ldHdvcmslM2RvJTI2dXRtX2RldmljZSUzZGMlMjZ1dG1fbWF0Y2h0eXBlJTNkZSUyNnV0bV9sb2NfcGh5c2ljYWxfbXMlM2QxMzc0MDIlMjZtc2Nsa2lkJTNkNDc3MjQ4NjEzZDFhMTZkZWQ4YzUyMTdmNTNhNmZlNDI%26rlid%3D477248613d1a16ded8c5217f53a6fe42&vqd=4-85711576433760631126217143518747114747&iurl=%7B1%7DIG%3D4251E87253624CB3A22DDFF9BBDE72BE%26CID%3D1C7F22B8CC916A5F1DC73412CD936B47%26ID%3DDevEx%2C5045.1,,Error
www.mediamatters.org,https://www.mediamatters.org/charlie-kirk/turning-point-usas-history-racism-and-white-nationalist-ties,,Error
www.mediamatters.org,https://www.mediamatters.org/charlie-kirk/rupert-murdoch-charlie-kirk-and-future-right-wing-media-extremism,,Error
www.mediamatters.org,https://www.mediamatters.org/climate-deniers/conspiracy-theorists-and-right-wing-media-fabricate-evidence-lahaina-fire-was,,Error
www.mediamatters.org,https://www.mediamatters.org/rumble/rumble-right-wing-creators-use-violence-israel-and-gaza-spread-antisemitic-anti-muslim-and,,Error
www.mediamatters.org,https://www.mediamatters.org/twitter/elon-musks-x-filled-blue-check-mark-subscribers-spreading-conspiracy-theories-about-911,,Error
www.mediamatters.org,https://www.mediamatters.org/rumble/media-outlets-should-adequately-report-rumbles-misinformation-and-bigotry-they-cover-its,,Error
www.mediamatters.org,https://www.mediamatters.org/stephen-miller/stephen-miller-calls-military-deport-undocumented-immigrants-under-future-trump,,Error
www.mediamatters.org,https://www.mediamatters.org/charlie-kirk/charlie-kirk-falsely-claims-there-has-been-no-federal-response-maui-wildfires,,Error
www.mediamatters.org,https://www.mediamatters.org/cnbc/conservative-economic-commentators-have-been-sanewashing-trumps-incoherent-tariff-proposals,,Error
www.mediamatters.org,https://www.mediamatters.org/lachlan-murdoch/lachlan-murdochs-succession-leaves-him-alone-helm-global-empire-heres-why-thats,,Error
